student_epita_email;student_contact_ref;student_enrollment_status;student_population_period_ref;student_population_year_ref;student_population_code_ref
albina.glick@epita.fr;albina@glick.com;completed;FALL;2020;ISM
ammie.corrio@epita.fr;ammie@corrio.com;confirmed;SPRING;2021;ISM
bernardo.figeroa@epita.fr;bfigeroa@aol.com;completed;FALL;2020;CS
bette.nicka@epita.fr;bette_nicka@cox.net;completed;FALL;2020;DSA
blondell.pugh@epita.fr;bpugh@aol.com;completed;FALL;2020;AIs
cammy.albares@epita.fr;calbares@gmail.com;completed;SPRING;2021;SE
carmelina.lindall@epita.fr;carmelina_lindall@lindall.com;completed;SPRING;2021;DSA
cecily.hollack@epita.fr;cecily@hollack.org;selected;FALL;2020;DSA
danica.bruschke@epita.fr;danica_bruschke@gmail.com;completed;SPRING;2021;DSA
delmy.ahle@epita.fr;delmy.ahle@hotmail.com;completed;SPRING;2021;CS
dominque.dickerson@epita.fr;dominque.dickerson@dickerson.org;completed;SPRING;2021;AIs
donette.foller@epita.fr;donette.foller@cox.net;completed;FALL;2020;CS
elza.lipke@epita.fr;elza@yahoo.com;selected;SPRING;2021;CS
emerson.bowley@epita.fr;emerson.bowley@bowley.org;completed;FALL;2020;ISM
erick.ferencz@epita.fr;erick.ferencz@aol.com;completed;FALL;2020;AIs
ernie.stenseth@epita.fr;ernie_stenseth@aol.com;completed;SPRING;2021;ISM
francine.vocelka@epita.fr;francine_vocelka@vocelka.com;completed;SPRING;2021;DSA
gladys.rim@epita.fr;gladys.rim@rim.org;completed;FALL;2020;ISM
jamal.vanausdal@epita.fr;jamal@vanausdal.org;confirmed;SPRING;2021;ISM
jina.briddick@epita.fr;jina_briddick@briddick.com;completed;FALL;2020;DSA
kallie.blackwood@epita.fr;kallie.blackwood@gmail.com;completed;SPRING;2021;SE
kanisha.waycott@epita.fr;kanisha_waycott@yahoo.com;completed;SPRING;2021;ISM
kati.rulapaugh@epita.fr;kati.rulapaugh@hotmail.com;selected;SPRING;2021;AIs
kiley.caldarera@epita.fr;kiley.caldarera@aol.com;completed;FALL;2020;DSA
kris.marrier@epita.fr;kris@gmail.com;completed;FALL;2020;SE
lai.gato@epita.fr;lai.gato@gato.org;completed;FALL;2020;CS
laurel.reitler@epita.fr;laurel_reitler@reitler.com;completed;FALL;2020;DSA
lavera.perin@epita.fr;lperin@perin.org;completed;SPRING;2021;CS
leota.dilliard@epita.fr;leota@hotmail.com;completed;FALL;2020;SE
lettie.isenhower@epita.fr;lettie_isenhower@yahoo.com;completed;FALL;2020;DSA
malinda.hochard@epita.fr;malinda.hochard@yahoo.com;confirmed;FALL;2020;CS
marjory.mastella@epita.fr;mmastella@mastella.com;completed;FALL;2020;SE
maryann.royster@epita.fr;mroyster@royster.com;selected;SPRING;2021;DSA
minna.amigon@epita.fr;minna_amigon@yahoo.com;selected;SPRING;2021;DSA
moon.parlato@epita.fr;moon@yahoo.com;completed;FALL;2020;DSA
myra.munns@epita.fr;mmunns@cox.net;completed;FALL;2020;CS
natalie.fern@epita.fr;natalie.fern@hotmail.com;confirmed;SPRING;2021;AIs
rozella.ostrosky@epita.fr;rozella.ostrosky@ostrosky.com;selected;FALL;2020;AIs
sage.wieser@epita.fr;sage_wieser@cox.net;selected;SPRING;2021;DSA
simona.morasca@epita.fr;simona@morasca.com;completed;SPRING;2021;SE
solange.shinko@epita.fr;solange@shinko.com;completed;SPRING;2021;AIs
tamar.hoogland@epita.fr;tamar@hotmail.com;completed;FALL;2020;DSA
tawna.buvens@epita.fr;tawna@gmail.com;completed;SPRING;2021;ISM
timothy.mulqueen@epita.fr;timothy_mulqueen@mulqueen.org;completed;FALL;2020;SE
tonette.wenner@epita.fr;twenner@aol.com;completed;SPRING;2021;SE
tyra.shields@epita.fr;tshields@gmail.com;completed;SPRING;2021;CS
veronika.inouye@epita.fr;vinouye@aol.com;completed;SPRING;2021;DSA
viva.toelkes@epita.fr;viva.toelkes@gmail.com;selected;FALL;2020;SE
wilda.giguere@epita.fr;wilda@cox.net;completed;FALL;2020;ISM
yuki.whobrey@epita.fr;yuki_whobrey@aol.com;selected;SPRING;2021;CS
